-- phpMyAdmin SQL Dump
-- version 4.9.1
-- https://www.phpmyadmin.net/
--
-- Host: 127.0.0.1
-- Waktu pembuatan: 20 Bulan Mei 2020 pada 02.09
-- Versi server: 10.4.8-MariaDB
-- Versi PHP: 7.3.11

SET SQL_MODE = "NO_AUTO_VALUE_ON_ZERO";
SET AUTOCOMMIT = 0;
START TRANSACTION;
SET time_zone = "+00:00";


/*!40101 SET @OLD_CHARACTER_SET_CLIENT=@@CHARACTER_SET_CLIENT */;
/*!40101 SET @OLD_CHARACTER_SET_RESULTS=@@CHARACTER_SET_RESULTS */;
/*!40101 SET @OLD_COLLATION_CONNECTION=@@COLLATION_CONNECTION */;
/*!40101 SET NAMES utf8mb4 */;

--
-- Database: `sneaky`
--
CREATE DATABASE IF NOT EXISTS `sneaky` DEFAULT CHARACTER SET latin1 COLLATE latin1_swedish_ci;
USE `sneaky`;

-- --------------------------------------------------------

--
-- Struktur dari tabel `cart`
--

DROP TABLE IF EXISTS `cart`;
CREATE TABLE `cart` (
  `id_cart` bigint(20) UNSIGNED NOT NULL,
  `id_user` int(11) NOT NULL,
  `id_sneaker` int(11) NOT NULL,
  `jumlah_sneaker` int(11) NOT NULL,
  `ukuran_sneaker` double(8,2) NOT NULL,
  `harga_satuan` int(11) NOT NULL,
  `subtotal` int(11) NOT NULL,
  `created_at` timestamp NULL DEFAULT NULL,
  `updated_at` timestamp NULL DEFAULT NULL
) ENGINE=InnoDB DEFAULT CHARSET=utf8mb4 COLLATE=utf8mb4_unicode_ci;

--
-- Dumping data untuk tabel `cart`
--

INSERT INTO `cart` (`id_cart`, `id_user`, `id_sneaker`, `jumlah_sneaker`, `ukuran_sneaker`, `harga_satuan`, `subtotal`, `created_at`, `updated_at`) VALUES
(3, 1, 14, 1, 36.00, 640000, 640000, '2020-04-07 07:40:40', '2020-04-07 07:40:40');

-- --------------------------------------------------------

--
-- Struktur dari tabel `dtrans`
--

DROP TABLE IF EXISTS `dtrans`;
CREATE TABLE `dtrans` (
  `id_trans` int(11) NOT NULL,
  `id_sneaker` int(11) NOT NULL,
  `jumlah_sneaker` int(11) NOT NULL,
  `ukuran_sneaker` double(8,2) NOT NULL,
  `harga_satuan` int(11) NOT NULL,
  `subtotal` int(11) NOT NULL,
  `created_at` timestamp NULL DEFAULT NULL,
  `updated_at` timestamp NULL DEFAULT NULL
) ENGINE=InnoDB DEFAULT CHARSET=utf8mb4 COLLATE=utf8mb4_unicode_ci;

--
-- Dumping data untuk tabel `dtrans`
--

INSERT INTO `dtrans` (`id_trans`, `id_sneaker`, `jumlah_sneaker`, `ukuran_sneaker`, `harga_satuan`, `subtotal`, `created_at`, `updated_at`) VALUES
(1, 1, 1, 36.00, 640000, 640000, '2020-01-07 12:21:22', '2020-01-07 12:21:22'),
(2, 13, 10, 36.00, 1200000, 12000000, '2020-04-07 07:35:53', '2020-04-07 07:35:53');

-- --------------------------------------------------------

--
-- Struktur dari tabel `htrans`
--

DROP TABLE IF EXISTS `htrans`;
CREATE TABLE `htrans` (
  `id_trans` bigint(20) UNSIGNED NOT NULL,
  `id_user` int(11) NOT NULL,
  `id_shipment` int(11) NOT NULL,
  `tgl_beli` date NOT NULL,
  `jumlah` int(11) NOT NULL,
  `total` int(11) NOT NULL,
  `created_at` timestamp NULL DEFAULT NULL,
  `updated_at` timestamp NULL DEFAULT NULL
) ENGINE=InnoDB DEFAULT CHARSET=utf8mb4 COLLATE=utf8mb4_unicode_ci;

--
-- Dumping data untuk tabel `htrans`
--

INSERT INTO `htrans` (`id_trans`, `id_user`, `id_shipment`, `tgl_beli`, `jumlah`, `total`, `created_at`, `updated_at`) VALUES
(1, 1, 1, '2020-01-07', 1, 640000, '2020-01-07 12:21:22', '2020-01-07 12:21:22'),
(2, 1, 2, '2020-04-07', 10, 12000000, '2020-04-07 07:35:53', '2020-04-07 07:35:53');

-- --------------------------------------------------------

--
-- Struktur dari tabel `kategori`
--

DROP TABLE IF EXISTS `kategori`;
CREATE TABLE `kategori` (
  `id_kategori` bigint(20) UNSIGNED NOT NULL,
  `nama_kategori` varchar(255) COLLATE utf8mb4_unicode_ci NOT NULL,
  `created_at` timestamp NULL DEFAULT NULL,
  `updated_at` timestamp NULL DEFAULT NULL
) ENGINE=InnoDB DEFAULT CHARSET=utf8mb4 COLLATE=utf8mb4_unicode_ci;

--
-- Dumping data untuk tabel `kategori`
--

INSERT INTO `kategori` (`id_kategori`, `nama_kategori`, `created_at`, `updated_at`) VALUES
(1, 'Men', '2020-01-07 11:22:27', '2020-01-07 11:22:27'),
(2, 'Women', '2020-01-07 11:22:27', '2020-01-07 11:22:27'),
(3, 'Kids', '2020-01-07 11:22:27', '2020-01-07 11:22:27'),
(4, 'Men', '2020-04-06 21:48:19', '2020-04-06 21:48:19'),
(5, 'Women', '2020-04-06 21:48:20', '2020-04-06 21:48:20'),
(6, 'Kids', '2020-04-06 21:48:20', '2020-04-06 21:48:20');

-- --------------------------------------------------------

--
-- Struktur dari tabel `kota`
--

DROP TABLE IF EXISTS `kota`;
CREATE TABLE `kota` (
  `id_kota` bigint(20) UNSIGNED NOT NULL,
  `id_provinsi` int(11) NOT NULL,
  `nama_kota` varchar(255) COLLATE utf8mb4_unicode_ci NOT NULL,
  `created_at` timestamp NULL DEFAULT NULL,
  `updated_at` timestamp NULL DEFAULT NULL
) ENGINE=InnoDB DEFAULT CHARSET=utf8mb4 COLLATE=utf8mb4_unicode_ci;

--
-- Dumping data untuk tabel `kota`
--

INSERT INTO `kota` (`id_kota`, `id_provinsi`, `nama_kota`, `created_at`, `updated_at`) VALUES
(1, 1, 'Banda Aceh', '2020-01-07 11:22:27', '2020-01-07 11:22:27'),
(2, 1, 'Langsa', '2020-01-07 11:22:27', '2020-01-07 11:22:27'),
(3, 1, 'Lhokseumawe', '2020-01-07 11:22:27', '2020-01-07 11:22:27'),
(4, 1, 'Meulaboh', '2020-01-07 11:22:27', '2020-01-07 11:22:27'),
(5, 1, 'Sabang', '2020-01-07 11:22:27', '2020-01-07 11:22:27'),
(6, 1, 'Subulussalam', '2020-01-07 11:22:27', '2020-01-07 11:22:27'),
(7, 2, 'Denpasar', '2020-01-07 11:22:27', '2020-01-07 11:22:27'),
(8, 3, 'Pangkal Pinang', '2020-01-07 11:22:27', '2020-01-07 11:22:27'),
(9, 4, 'Cilegon', '2020-01-07 11:22:27', '2020-01-07 11:22:27'),
(10, 4, 'Serang', '2020-01-07 11:22:27', '2020-01-07 11:22:27'),
(11, 4, 'Tangerang', '2020-01-07 11:22:28', '2020-01-07 11:22:28'),
(12, 5, 'Bengkulu', '2020-01-07 11:22:28', '2020-01-07 11:22:28'),
(13, 6, 'Gorontalo', '2020-01-07 11:22:28', '2020-01-07 11:22:28'),
(14, 7, 'Jakarta', '2020-01-07 11:22:28', '2020-01-07 11:22:28'),
(15, 8, 'Sungai Penuh', '2020-01-07 11:22:28', '2020-01-07 11:22:28'),
(16, 8, 'Jambi', '2020-01-07 11:22:28', '2020-01-07 11:22:28'),
(17, 9, 'Bandung', '2020-01-07 11:22:28', '2020-01-07 11:22:28'),
(18, 9, 'Bekasi', '2020-01-07 11:22:28', '2020-01-07 11:22:28'),
(19, 9, 'Bogor', '2020-01-07 11:22:28', '2020-01-07 11:22:28'),
(20, 9, 'Cimahi', '2020-01-07 11:22:28', '2020-01-07 11:22:28'),
(21, 9, 'Cirebon', '2020-01-07 11:22:28', '2020-01-07 11:22:28'),
(22, 9, 'Depok', '2020-01-07 11:22:28', '2020-01-07 11:22:28'),
(23, 9, 'Sukabumi', '2020-01-07 11:22:28', '2020-01-07 11:22:28'),
(24, 9, 'Tasikmalaya', '2020-01-07 11:22:28', '2020-01-07 11:22:28'),
(25, 9, 'Banjar', '2020-01-07 11:22:28', '2020-01-07 11:22:28'),
(26, 10, 'Magelang', '2020-01-07 11:22:28', '2020-01-07 11:22:28'),
(27, 10, 'Pekalongan', '2020-01-07 11:22:28', '2020-01-07 11:22:28'),
(28, 10, 'Purwokerto', '2020-01-07 11:22:28', '2020-01-07 11:22:28'),
(29, 10, 'Salatiga', '2020-01-07 11:22:28', '2020-01-07 11:22:28'),
(30, 10, 'Semarang', '2020-01-07 11:22:28', '2020-01-07 11:22:28'),
(31, 10, 'Surakarta', '2020-01-07 11:22:28', '2020-01-07 11:22:28'),
(32, 10, 'Tegal', '2020-01-07 11:22:28', '2020-01-07 11:22:28'),
(33, 11, 'Batu', '2020-01-07 11:22:28', '2020-01-07 11:22:28'),
(34, 11, 'Blitar', '2020-01-07 11:22:28', '2020-01-07 11:22:28'),
(35, 11, 'Kediri', '2020-01-07 11:22:28', '2020-01-07 11:22:28'),
(36, 11, 'Madiun', '2020-01-07 11:22:28', '2020-01-07 11:22:28'),
(37, 11, 'Malang', '2020-01-07 11:22:28', '2020-01-07 11:22:28'),
(38, 11, 'Mojokerto', '2020-01-07 11:22:28', '2020-01-07 11:22:28'),
(39, 11, 'Pasuruan', '2020-01-07 11:22:28', '2020-01-07 11:22:28'),
(40, 11, 'Probolinggo', '2020-01-07 11:22:28', '2020-01-07 11:22:28'),
(41, 11, 'Surabaya', '2020-01-07 11:22:28', '2020-01-07 11:22:28'),
(42, 12, 'Pontianak', '2020-01-07 11:22:28', '2020-01-07 11:22:28'),
(43, 12, 'Singkawang', '2020-01-07 11:22:28', '2020-01-07 11:22:28'),
(44, 13, 'Banjarbaru', '2020-01-07 11:22:28', '2020-01-07 11:22:28'),
(45, 13, 'Banjarmasin', '2020-01-07 11:22:28', '2020-01-07 11:22:28'),
(46, 14, 'Palangkaraya', '2020-01-07 11:22:28', '2020-01-07 11:22:28'),
(47, 15, 'Balikpapan', '2020-01-07 11:22:28', '2020-01-07 11:22:28'),
(48, 15, 'Bontang', '2020-01-07 11:22:28', '2020-01-07 11:22:28'),
(49, 15, 'Samarinda', '2020-01-07 11:22:28', '2020-01-07 11:22:28'),
(50, 16, 'Tarakan', '2020-01-07 11:22:28', '2020-01-07 11:22:28'),
(51, 17, 'Batam', '2020-01-07 11:22:28', '2020-01-07 11:22:28'),
(52, 17, 'Tanjungpinang', '2020-01-07 11:22:29', '2020-01-07 11:22:29'),
(53, 18, 'Bandar Lampung', '2020-01-07 11:22:29', '2020-01-07 11:22:29'),
(54, 18, 'Metro', '2020-01-07 11:22:29', '2020-01-07 11:22:29'),
(55, 19, 'Ternate', '2020-01-07 11:22:29', '2020-01-07 11:22:29'),
(56, 19, 'Tidore Kepulauan', '2020-01-07 11:22:29', '2020-01-07 11:22:29'),
(57, 20, 'Ambon', '2020-01-07 11:22:29', '2020-01-07 11:22:29'),
(58, 20, 'Tual', '2020-01-07 11:22:29', '2020-01-07 11:22:29'),
(59, 21, 'Bima', '2020-01-07 11:22:29', '2020-01-07 11:22:29'),
(60, 21, 'Mataram', '2020-01-07 11:22:29', '2020-01-07 11:22:29'),
(61, 22, 'Kupang', '2020-01-07 11:22:29', '2020-01-07 11:22:29'),
(62, 23, 'Sorong', '2020-01-07 11:22:29', '2020-01-07 11:22:29'),
(63, 24, 'Jayapura', '2020-01-07 11:22:29', '2020-01-07 11:22:29'),
(64, 25, 'Dumai', '2020-01-07 11:22:29', '2020-01-07 11:22:29'),
(65, 25, 'Pekanbaru', '2020-01-07 11:22:29', '2020-01-07 11:22:29'),
(66, 26, 'Makassar', '2020-01-07 11:22:29', '2020-01-07 11:22:29'),
(67, 26, 'Palopo', '2020-01-07 11:22:29', '2020-01-07 11:22:29'),
(68, 26, 'Parepare', '2020-01-07 11:22:29', '2020-01-07 11:22:29'),
(69, 27, 'Palu ', '2020-01-07 11:22:29', '2020-01-07 11:22:29'),
(70, 28, 'Bau-Bau', '2020-01-07 11:22:29', '2020-01-07 11:22:29'),
(71, 28, 'Kendari', '2020-01-07 11:22:29', '2020-01-07 11:22:29'),
(72, 29, 'Bitung', '2020-01-07 11:22:29', '2020-01-07 11:22:29'),
(73, 29, 'Kotamobagu', '2020-01-07 11:22:29', '2020-01-07 11:22:29'),
(74, 29, 'Manado', '2020-01-07 11:22:29', '2020-01-07 11:22:29'),
(75, 29, 'Tomohon', '2020-01-07 11:22:29', '2020-01-07 11:22:29'),
(76, 30, 'Bukittinggi', '2020-01-07 11:22:29', '2020-01-07 11:22:29'),
(77, 30, 'Padang', '2020-01-07 11:22:29', '2020-01-07 11:22:29'),
(78, 30, 'Padangpanjang', '2020-01-07 11:22:29', '2020-01-07 11:22:29'),
(79, 30, 'Pariaman', '2020-01-07 11:22:29', '2020-01-07 11:22:29'),
(80, 30, 'Payakumbuh', '2020-01-07 11:22:29', '2020-01-07 11:22:29'),
(81, 30, 'Sawahlunto', '2020-01-07 11:22:29', '2020-01-07 11:22:29'),
(82, 30, 'Solok', '2020-01-07 11:22:29', '2020-01-07 11:22:29'),
(83, 31, 'Lubuklinggau', '2020-01-07 11:22:29', '2020-01-07 11:22:29'),
(84, 31, 'Pagaralam', '2020-01-07 11:22:29', '2020-01-07 11:22:29'),
(85, 31, 'Palembang', '2020-01-07 11:22:29', '2020-01-07 11:22:29'),
(86, 31, 'Prabumulih', '2020-01-07 11:22:29', '2020-01-07 11:22:29'),
(87, 32, 'Binjai', '2020-01-07 11:22:29', '2020-01-07 11:22:29'),
(88, 32, 'Medan', '2020-01-07 11:22:29', '2020-01-07 11:22:29'),
(89, 32, 'Padang Sidempuan', '2020-01-07 11:22:30', '2020-01-07 11:22:30'),
(90, 32, 'Pematangsiantar', '2020-01-07 11:22:30', '2020-01-07 11:22:30'),
(91, 32, 'Sibolga', '2020-01-07 11:22:30', '2020-01-07 11:22:30'),
(92, 32, 'Tanjungbalai', '2020-01-07 11:22:30', '2020-01-07 11:22:30'),
(93, 32, 'Tebingtinggi', '2020-01-07 11:22:30', '2020-01-07 11:22:30'),
(94, 33, 'Yogyakarta', '2020-01-07 11:22:30', '2020-01-07 11:22:30'),
(95, 1, 'Banda Aceh', '2020-04-06 21:48:20', '2020-04-06 21:48:20'),
(96, 1, 'Langsa', '2020-04-06 21:48:20', '2020-04-06 21:48:20'),
(97, 1, 'Lhokseumawe', '2020-04-06 21:48:20', '2020-04-06 21:48:20'),
(98, 1, 'Meulaboh', '2020-04-06 21:48:20', '2020-04-06 21:48:20'),
(99, 1, 'Sabang', '2020-04-06 21:48:20', '2020-04-06 21:48:20'),
(100, 1, 'Subulussalam', '2020-04-06 21:48:20', '2020-04-06 21:48:20'),
(101, 2, 'Denpasar', '2020-04-06 21:48:20', '2020-04-06 21:48:20'),
(102, 3, 'Pangkal Pinang', '2020-04-06 21:48:20', '2020-04-06 21:48:20'),
(103, 4, 'Cilegon', '2020-04-06 21:48:20', '2020-04-06 21:48:20'),
(104, 4, 'Serang', '2020-04-06 21:48:20', '2020-04-06 21:48:20'),
(105, 4, 'Tangerang', '2020-04-06 21:48:20', '2020-04-06 21:48:20'),
(106, 5, 'Bengkulu', '2020-04-06 21:48:20', '2020-04-06 21:48:20'),
(107, 6, 'Gorontalo', '2020-04-06 21:48:20', '2020-04-06 21:48:20'),
(108, 7, 'Jakarta', '2020-04-06 21:48:20', '2020-04-06 21:48:20'),
(109, 8, 'Sungai Penuh', '2020-04-06 21:48:20', '2020-04-06 21:48:20'),
(110, 8, 'Jambi', '2020-04-06 21:48:20', '2020-04-06 21:48:20'),
(111, 9, 'Bandung', '2020-04-06 21:48:20', '2020-04-06 21:48:20'),
(112, 9, 'Bekasi', '2020-04-06 21:48:20', '2020-04-06 21:48:20'),
(113, 9, 'Bogor', '2020-04-06 21:48:20', '2020-04-06 21:48:20'),
(114, 9, 'Cimahi', '2020-04-06 21:48:20', '2020-04-06 21:48:20'),
(115, 9, 'Cirebon', '2020-04-06 21:48:20', '2020-04-06 21:48:20'),
(116, 9, 'Depok', '2020-04-06 21:48:20', '2020-04-06 21:48:20'),
(117, 9, 'Sukabumi', '2020-04-06 21:48:20', '2020-04-06 21:48:20'),
(118, 9, 'Tasikmalaya', '2020-04-06 21:48:20', '2020-04-06 21:48:20'),
(119, 9, 'Banjar', '2020-04-06 21:48:20', '2020-04-06 21:48:20'),
(120, 10, 'Magelang', '2020-04-06 21:48:20', '2020-04-06 21:48:20'),
(121, 10, 'Pekalongan', '2020-04-06 21:48:20', '2020-04-06 21:48:20'),
(122, 10, 'Purwokerto', '2020-04-06 21:48:20', '2020-04-06 21:48:20'),
(123, 10, 'Salatiga', '2020-04-06 21:48:21', '2020-04-06 21:48:21'),
(124, 10, 'Semarang', '2020-04-06 21:48:21', '2020-04-06 21:48:21'),
(125, 10, 'Surakarta', '2020-04-06 21:48:21', '2020-04-06 21:48:21'),
(126, 10, 'Tegal', '2020-04-06 21:48:21', '2020-04-06 21:48:21'),
(127, 11, 'Batu', '2020-04-06 21:48:21', '2020-04-06 21:48:21'),
(128, 11, 'Blitar', '2020-04-06 21:48:21', '2020-04-06 21:48:21'),
(129, 11, 'Kediri', '2020-04-06 21:48:21', '2020-04-06 21:48:21'),
(130, 11, 'Madiun', '2020-04-06 21:48:21', '2020-04-06 21:48:21'),
(131, 11, 'Malang', '2020-04-06 21:48:21', '2020-04-06 21:48:21'),
(132, 11, 'Mojokerto', '2020-04-06 21:48:21', '2020-04-06 21:48:21'),
(133, 11, 'Pasuruan', '2020-04-06 21:48:21', '2020-04-06 21:48:21'),
(134, 11, 'Probolinggo', '2020-04-06 21:48:21', '2020-04-06 21:48:21'),
(135, 11, 'Surabaya', '2020-04-06 21:48:21', '2020-04-06 21:48:21'),
(136, 12, 'Pontianak', '2020-04-06 21:48:21', '2020-04-06 21:48:21'),
(137, 12, 'Singkawang', '2020-04-06 21:48:21', '2020-04-06 21:48:21'),
(138, 13, 'Banjarbaru', '2020-04-06 21:48:21', '2020-04-06 21:48:21'),
(139, 13, 'Banjarmasin', '2020-04-06 21:48:21', '2020-04-06 21:48:21'),
(140, 14, 'Palangkaraya', '2020-04-06 21:48:21', '2020-04-06 21:48:21'),
(141, 15, 'Balikpapan', '2020-04-06 21:48:21', '2020-04-06 21:48:21'),
(142, 15, 'Bontang', '2020-04-06 21:48:21', '2020-04-06 21:48:21'),
(143, 15, 'Samarinda', '2020-04-06 21:48:21', '2020-04-06 21:48:21'),
(144, 16, 'Tarakan', '2020-04-06 21:48:21', '2020-04-06 21:48:21'),
(145, 17, 'Batam', '2020-04-06 21:48:21', '2020-04-06 21:48:21'),
(146, 17, 'Tanjungpinang', '2020-04-06 21:48:21', '2020-04-06 21:48:21'),
(147, 18, 'Bandar Lampung', '2020-04-06 21:48:21', '2020-04-06 21:48:21'),
(148, 18, 'Metro', '2020-04-06 21:48:21', '2020-04-06 21:48:21'),
(149, 19, 'Ternate', '2020-04-06 21:48:21', '2020-04-06 21:48:21'),
(150, 19, 'Tidore Kepulauan', '2020-04-06 21:48:21', '2020-04-06 21:48:21'),
(151, 20, 'Ambon', '2020-04-06 21:48:21', '2020-04-06 21:48:21'),
(152, 20, 'Tual', '2020-04-06 21:48:21', '2020-04-06 21:48:21'),
(153, 21, 'Bima', '2020-04-06 21:48:21', '2020-04-06 21:48:21'),
(154, 21, 'Mataram', '2020-04-06 21:48:21', '2020-04-06 21:48:21'),
(155, 22, 'Kupang', '2020-04-06 21:48:21', '2020-04-06 21:48:21'),
(156, 23, 'Sorong', '2020-04-06 21:48:21', '2020-04-06 21:48:21'),
(157, 24, 'Jayapura', '2020-04-06 21:48:21', '2020-04-06 21:48:21'),
(158, 25, 'Dumai', '2020-04-06 21:48:21', '2020-04-06 21:48:21'),
(159, 25, 'Pekanbaru', '2020-04-06 21:48:22', '2020-04-06 21:48:22'),
(160, 26, 'Makassar', '2020-04-06 21:48:22', '2020-04-06 21:48:22'),
(161, 26, 'Palopo', '2020-04-06 21:48:22', '2020-04-06 21:48:22'),
(162, 26, 'Parepare', '2020-04-06 21:48:22', '2020-04-06 21:48:22'),
(163, 27, 'Palu ', '2020-04-06 21:48:22', '2020-04-06 21:48:22'),
(164, 28, 'Bau-Bau', '2020-04-06 21:48:22', '2020-04-06 21:48:22'),
(165, 28, 'Kendari', '2020-04-06 21:48:22', '2020-04-06 21:48:22'),
(166, 29, 'Bitung', '2020-04-06 21:48:22', '2020-04-06 21:48:22'),
(167, 29, 'Kotamobagu', '2020-04-06 21:48:22', '2020-04-06 21:48:22'),
(168, 29, 'Manado', '2020-04-06 21:48:22', '2020-04-06 21:48:22'),
(169, 29, 'Tomohon', '2020-04-06 21:48:22', '2020-04-06 21:48:22'),
(170, 30, 'Bukittinggi', '2020-04-06 21:48:22', '2020-04-06 21:48:22'),
(171, 30, 'Padang', '2020-04-06 21:48:22', '2020-04-06 21:48:22'),
(172, 30, 'Padangpanjang', '2020-04-06 21:48:22', '2020-04-06 21:48:22'),
(173, 30, 'Pariaman', '2020-04-06 21:48:22', '2020-04-06 21:48:22'),
(174, 30, 'Payakumbuh', '2020-04-06 21:48:22', '2020-04-06 21:48:22'),
(175, 30, 'Sawahlunto', '2020-04-06 21:48:22', '2020-04-06 21:48:22'),
(176, 30, 'Solok', '2020-04-06 21:48:22', '2020-04-06 21:48:22'),
(177, 31, 'Lubuklinggau', '2020-04-06 21:48:22', '2020-04-06 21:48:22'),
(178, 31, 'Pagaralam', '2020-04-06 21:48:22', '2020-04-06 21:48:22'),
(179, 31, 'Palembang', '2020-04-06 21:48:22', '2020-04-06 21:48:22'),
(180, 31, 'Prabumulih', '2020-04-06 21:48:22', '2020-04-06 21:48:22'),
(181, 32, 'Binjai', '2020-04-06 21:48:22', '2020-04-06 21:48:22'),
(182, 32, 'Medan', '2020-04-06 21:48:22', '2020-04-06 21:48:22'),
(183, 32, 'Padang Sidempuan', '2020-04-06 21:48:22', '2020-04-06 21:48:22'),
(184, 32, 'Pematangsiantar', '2020-04-06 21:48:22', '2020-04-06 21:48:22'),
(185, 32, 'Sibolga', '2020-04-06 21:48:22', '2020-04-06 21:48:22'),
(186, 32, 'Tanjungbalai', '2020-04-06 21:48:22', '2020-04-06 21:48:22'),
(187, 32, 'Tebingtinggi', '2020-04-06 21:48:22', '2020-04-06 21:48:22'),
(188, 33, 'Yogyakarta', '2020-04-06 21:48:22', '2020-04-06 21:48:22');

-- --------------------------------------------------------

--
-- Struktur dari tabel `migrations`
--

DROP TABLE IF EXISTS `migrations`;
CREATE TABLE `migrations` (
  `id` int(10) UNSIGNED NOT NULL,
  `migration` varchar(255) COLLATE utf8mb4_unicode_ci NOT NULL,
  `batch` int(11) NOT NULL
) ENGINE=InnoDB DEFAULT CHARSET=utf8mb4 COLLATE=utf8mb4_unicode_ci;

--
-- Dumping data untuk tabel `migrations`
--

INSERT INTO `migrations` (`id`, `migration`, `batch`) VALUES
(1, '2019_12_21_061833_create_sneaker_table', 1),
(2, '2019_12_21_062157_create_cart_table', 1),
(3, '2019_12_21_062233_create_user_table', 1),
(4, '2019_12_21_062302_create_kategori_table', 1),
(5, '2019_12_21_062329_create_htrans_table', 1),
(6, '2019_12_21_062349_create_dtrans_table', 1),
(7, '2019_12_23_142314_create_wishlist_table', 1),
(8, '2019_12_24_152317_create_ukuran_table', 1),
(9, '2019_12_27_044249_create_shipment_table', 1),
(10, '2019_12_27_045344_create_kota_table', 1),
(11, '2019_12_27_063313_create_provinsi_table', 1);

-- --------------------------------------------------------

--
-- Struktur dari tabel `provinsi`
--

DROP TABLE IF EXISTS `provinsi`;
CREATE TABLE `provinsi` (
  `id_provinsi` bigint(20) UNSIGNED NOT NULL,
  `nama_provinsi` varchar(255) COLLATE utf8mb4_unicode_ci NOT NULL,
  `harga_shipping` int(11) NOT NULL,
  `estimasi_shipping` varchar(255) COLLATE utf8mb4_unicode_ci NOT NULL,
  `created_at` timestamp NULL DEFAULT NULL,
  `updated_at` timestamp NULL DEFAULT NULL
) ENGINE=InnoDB DEFAULT CHARSET=utf8mb4 COLLATE=utf8mb4_unicode_ci;

--
-- Dumping data untuk tabel `provinsi`
--

INSERT INTO `provinsi` (`id_provinsi`, `nama_provinsi`, `harga_shipping`, `estimasi_shipping`, `created_at`, `updated_at`) VALUES
(1, 'Aceh', 68000, '5-6 Days', '2020-01-07 11:22:30', '2020-01-07 11:22:30'),
(2, 'Bali', 32000, '3-6 Days', '2020-01-07 11:22:30', '2020-01-07 11:22:30'),
(3, 'Bangka Belitung', 54000, '5-7 Days', '2020-01-07 11:22:30', '2020-01-07 11:22:30'),
(4, 'Banten', 28000, '5-7 Days', '2020-01-07 11:22:30', '2020-01-07 11:22:30'),
(5, 'Bengkulu', 59000, '5-7 Days', '2020-01-07 11:22:30', '2020-01-07 11:22:30'),
(6, 'Gorontalo', 86000, '5-7 Days', '2020-01-07 11:22:30', '2020-01-07 11:22:30'),
(7, 'DKI Jakarta', 15000, '1-2 Days', '2020-01-07 11:22:30', '2020-01-07 11:22:30'),
(8, 'Jambi', 53000, '3-6 Days', '2020-01-07 11:22:30', '2020-01-07 11:22:30'),
(9, 'Jawa Barat', 20000, '1-2 Days', '2020-01-07 11:22:30', '2020-01-07 11:22:30'),
(10, 'Jawa Tengah', 23000, '3-6 Days', '2020-01-07 11:22:30', '2020-01-07 11:22:30'),
(11, 'Jawa Timur', 10000, '1 Days', '2020-01-07 11:22:30', '2020-01-07 11:22:30'),
(12, 'Kalimantan Barat', 50000, '3-5 Days', '2020-01-07 11:22:30', '2020-01-07 11:22:30'),
(13, 'Kalimantan Selatan', 46000, '5-7 Days', '2020-01-07 11:22:30', '2020-01-07 11:22:30'),
(14, 'Kalimantan Tengah', 38000, '3-5 Days', '2020-01-07 11:22:30', '2020-01-07 11:22:30'),
(15, 'Kalimantan Timur', 56000, '5-7 Days', '2020-01-07 11:22:30', '2020-01-07 11:22:30'),
(16, 'Kalimantan Utara', 62000, '5-7 Days', '2020-01-07 11:22:30', '2020-01-07 11:22:30'),
(17, 'Kepulauan Riau', 68000, '5-7 Days', '2020-01-07 11:22:30', '2020-01-07 11:22:30'),
(18, 'Lampung', 50000, '5-7 Days', '2020-01-07 11:22:30', '2020-01-07 11:22:30'),
(19, 'Maluku Utara', 96000, '10 Days', '2020-01-07 11:22:30', '2020-01-07 11:22:30'),
(20, 'Maluku', 96000, '10 Days', '2020-01-07 11:22:30', '2020-01-07 11:22:30'),
(21, 'Nusa Tenggara Barat', 39000, '10 Days', '2020-01-07 11:22:30', '2020-01-07 11:22:30'),
(22, 'Nusa Tenggara Timur', 76000, '10 Days', '2020-01-07 11:22:30', '2020-01-07 11:22:30'),
(23, 'Papua Barat', 147000, '4-6 Days', '2020-01-07 11:22:30', '2020-01-07 11:22:30'),
(24, 'Papua', 126000, '5-9 Days', '2020-01-07 11:22:31', '2020-01-07 11:22:31'),
(25, 'Riau', 61000, '5-7 Days', '2020-01-07 11:22:31', '2020-01-07 11:22:31'),
(26, 'Sulawesi Selatan', 48000, '3-5 Days', '2020-01-07 11:22:31', '2020-01-07 11:22:31'),
(27, 'Sulawesi Tengah', 70000, '5-7 Days', '2020-01-07 11:22:31', '2020-01-07 11:22:31'),
(28, 'Sulawesi Tenggara', 80000, '5-7 Days', '2020-01-07 11:22:31', '2020-01-07 11:22:31'),
(29, 'Sulawesi Utara', 88000, '5-7 Days', '2020-01-07 11:22:31', '2020-01-07 11:22:31'),
(30, 'Sumatra Barat', 60000, '5-7 Days', '2020-01-07 11:22:31', '2020-01-07 11:22:31'),
(31, 'Sumatra Selatan', 52000, '5-7 Days', '2020-01-07 11:22:31', '2020-01-07 11:22:31'),
(32, 'Sumatra Utara', 57000, '5-7 Days', '2020-01-07 11:22:31', '2020-01-07 11:22:31'),
(33, 'Yogyakarta', 19000, '3-6 Days', '2020-01-07 11:22:31', '2020-01-07 11:22:31'),
(34, 'Aceh', 68000, '5-6 Days', '2020-04-06 21:48:22', '2020-04-06 21:48:22'),
(35, 'Bali', 32000, '3-6 Days', '2020-04-06 21:48:22', '2020-04-06 21:48:22'),
(36, 'Bangka Belitung', 54000, '5-7 Days', '2020-04-06 21:48:22', '2020-04-06 21:48:22'),
(37, 'Banten', 28000, '5-7 Days', '2020-04-06 21:48:22', '2020-04-06 21:48:22'),
(38, 'Bengkulu', 59000, '5-7 Days', '2020-04-06 21:48:22', '2020-04-06 21:48:22'),
(39, 'Gorontalo', 86000, '5-7 Days', '2020-04-06 21:48:22', '2020-04-06 21:48:22'),
(40, 'DKI Jakarta', 15000, '1-2 Days', '2020-04-06 21:48:23', '2020-04-06 21:48:23'),
(41, 'Jambi', 53000, '3-6 Days', '2020-04-06 21:48:23', '2020-04-06 21:48:23'),
(42, 'Jawa Barat', 20000, '1-2 Days', '2020-04-06 21:48:23', '2020-04-06 21:48:23'),
(43, 'Jawa Tengah', 23000, '3-6 Days', '2020-04-06 21:48:23', '2020-04-06 21:48:23'),
(44, 'Jawa Timur', 10000, '1 Days', '2020-04-06 21:48:23', '2020-04-06 21:48:23'),
(45, 'Kalimantan Barat', 50000, '3-5 Days', '2020-04-06 21:48:23', '2020-04-06 21:48:23'),
(46, 'Kalimantan Selatan', 46000, '5-7 Days', '2020-04-06 21:48:23', '2020-04-06 21:48:23'),
(47, 'Kalimantan Tengah', 38000, '3-5 Days', '2020-04-06 21:48:23', '2020-04-06 21:48:23'),
(48, 'Kalimantan Timur', 56000, '5-7 Days', '2020-04-06 21:48:23', '2020-04-06 21:48:23'),
(49, 'Kalimantan Utara', 62000, '5-7 Days', '2020-04-06 21:48:23', '2020-04-06 21:48:23'),
(50, 'Kepulauan Riau', 68000, '5-7 Days', '2020-04-06 21:48:23', '2020-04-06 21:48:23'),
(51, 'Lampung', 50000, '5-7 Days', '2020-04-06 21:48:23', '2020-04-06 21:48:23'),
(52, 'Maluku Utara', 96000, '10 Days', '2020-04-06 21:48:23', '2020-04-06 21:48:23'),
(53, 'Maluku', 96000, '10 Days', '2020-04-06 21:48:23', '2020-04-06 21:48:23'),
(54, 'Nusa Tenggara Barat', 39000, '10 Days', '2020-04-06 21:48:23', '2020-04-06 21:48:23'),
(55, 'Nusa Tenggara Timur', 76000, '10 Days', '2020-04-06 21:48:23', '2020-04-06 21:48:23'),
(56, 'Papua Barat', 147000, '4-6 Days', '2020-04-06 21:48:23', '2020-04-06 21:48:23'),
(57, 'Papua', 126000, '5-9 Days', '2020-04-06 21:48:23', '2020-04-06 21:48:23'),
(58, 'Riau', 61000, '5-7 Days', '2020-04-06 21:48:23', '2020-04-06 21:48:23'),
(59, 'Sulawesi Selatan', 48000, '3-5 Days', '2020-04-06 21:48:23', '2020-04-06 21:48:23'),
(60, 'Sulawesi Tengah', 70000, '5-7 Days', '2020-04-06 21:48:23', '2020-04-06 21:48:23'),
(61, 'Sulawesi Tenggara', 80000, '5-7 Days', '2020-04-06 21:48:23', '2020-04-06 21:48:23'),
(62, 'Sulawesi Utara', 88000, '5-7 Days', '2020-04-06 21:48:23', '2020-04-06 21:48:23'),
(63, 'Sumatra Barat', 60000, '5-7 Days', '2020-04-06 21:48:23', '2020-04-06 21:48:23'),
(64, 'Sumatra Selatan', 52000, '5-7 Days', '2020-04-06 21:48:23', '2020-04-06 21:48:23'),
(65, 'Sumatra Utara', 57000, '5-7 Days', '2020-04-06 21:48:23', '2020-04-06 21:48:23'),
(66, 'Yogyakarta', 19000, '3-6 Days', '2020-04-06 21:48:23', '2020-04-06 21:48:23');

-- --------------------------------------------------------

--
-- Struktur dari tabel `shipment`
--

DROP TABLE IF EXISTS `shipment`;
CREATE TABLE `shipment` (
  `id_shipment` bigint(20) UNSIGNED NOT NULL,
  `id_kota` int(11) NOT NULL,
  `nama_penerima` varchar(255) COLLATE utf8mb4_unicode_ci NOT NULL,
  `alamat` varchar(255) COLLATE utf8mb4_unicode_ci NOT NULL,
  `kode_pos` int(11) NOT NULL,
  `no_telp` varchar(255) COLLATE utf8mb4_unicode_ci NOT NULL,
  `created_at` timestamp NULL DEFAULT NULL,
  `updated_at` timestamp NULL DEFAULT NULL
) ENGINE=InnoDB DEFAULT CHARSET=utf8mb4 COLLATE=utf8mb4_unicode_ci;

--
-- Dumping data untuk tabel `shipment`
--

INSERT INTO `shipment` (`id_shipment`, `id_kota`, `nama_penerima`, `alamat`, `kode_pos`, `no_telp`, `created_at`, `updated_at`) VALUES
(1, 13, 'jonsu tampan', 'pemberani', 60189, '08123', '2020-01-07 12:21:22', '2020-01-07 12:21:22'),
(2, 10, 'jonathan gani', 'satelite utara viii', 60189, '123', '2020-04-07 07:35:52', '2020-04-07 07:35:52');

-- --------------------------------------------------------

--
-- Struktur dari tabel `sneaker`
--

DROP TABLE IF EXISTS `sneaker`;
CREATE TABLE `sneaker` (
  `id_sneaker` bigint(20) UNSIGNED NOT NULL,
  `id_kategori` int(11) NOT NULL,
  `nama_sneaker` varchar(255) COLLATE utf8mb4_unicode_ci NOT NULL,
  `brand_sneaker` varchar(255) COLLATE utf8mb4_unicode_ci NOT NULL,
  `harga_sneaker` int(11) NOT NULL,
  `status_sneaker` tinyint(4) NOT NULL,
  `created_at` timestamp NULL DEFAULT NULL,
  `updated_at` timestamp NULL DEFAULT NULL,
  `gambar` varchar(255) COLLATE utf8mb4_unicode_ci NOT NULL
) ENGINE=InnoDB DEFAULT CHARSET=utf8mb4 COLLATE=utf8mb4_unicode_ci;

--
-- Dumping data untuk tabel `sneaker`
--

INSERT INTO `sneaker` (`id_sneaker`, `id_kategori`, `nama_sneaker`, `brand_sneaker`, `harga_sneaker`, `status_sneaker`, `created_at`, `updated_at`, `gambar`) VALUES
(1, 1, 'Stan Smith Run White', 'ADIDAS', 640000, 1, '2020-01-07 11:22:23', '2020-01-07 14:05:58', 'StanSmithRunWhite_detail.jpg'),
(2, 1, 'Air Force 1 Low Retro QS Canvas Black-Summit', 'NIKE', 1499000, 1, '2020-01-07 11:22:23', '2020-01-07 11:22:23', 'AirForce1LowRetroQSCanvasBlack-Summit_detail.jpg'),
(3, 1, 'Gazelle Black White Gold', 'ADIDAS', 525000, 1, '2020-01-07 11:22:23', '2020-01-07 11:22:23', 'GazelleBlackWhiteGold_detail.jpg'),
(4, 1, 'POD-S3 White', 'ADIDAS', 1190000, 1, '2020-01-07 11:22:23', '2020-01-07 11:22:23', 'POD-S3White_detail.jpg'),
(5, 1, 'Superstar Foundation White', 'ADIDAS', 1120000, 1, '2020-01-07 11:22:23', '2020-01-07 11:22:23', 'SuperstarSlipOnWhite_detail.jpg'),
(6, 1, 'Day Break', 'NIKE', 1429000, 1, '2020-01-07 11:22:23', '2020-01-07 11:22:23', 'DayBreak_detail.jpg'),
(7, 1, 'Ultra Boost City', 'NIKE', 2240000, 1, '2020-01-07 11:22:23', '2020-01-07 11:22:23', 'UltraBoostCity_detail.jpg'),
(8, 2, 'Superstar Slip On Black', 'ADIDAS', 700000, 1, '2020-01-07 11:22:23', '2020-01-07 11:22:23', 'SuperstarSlipOnBlack_detail.jpg'),
(9, 2, 'Superstar Slip On White', 'ADIDAS', 700000, 1, '2020-01-07 11:22:23', '2020-01-07 11:22:23', 'SuperstarSlipOnWhite_detail.jpg'),
(10, 2, 'Air Force 1 Peach', 'NIKE', 1649000, 1, '2020-01-07 11:22:23', '2020-01-07 11:22:23', 'AirForce1Peach_detail.jpg'),
(11, 2, 'Classic Cortez Leather White & Varsity Royal Red', 'NIKE', 1049000, 1, '2020-01-07 11:22:23', '2020-01-07 11:22:23', 'ClassicCortezLeatherWhite&VarsityRoyalRed_detail.jpg'),
(12, 2, 'EXP X14 Tera Blush White-Light Bone', 'NIKE', 530000, 1, '2020-01-07 11:22:23', '2020-01-07 11:22:23', 'EXPX14TeraBlushWhite-LightBone_detail.jpg'),
(13, 3, 'X PLR J-Core Black', 'NIKE', 1200000, 1, '2020-01-07 11:22:23', '2020-01-07 11:22:23', 'XPLRJ-CoreBlack_detail.jpg'),
(14, 3, 'Superstar White Black-C', 'ADIDAS', 640000, 1, '2020-01-07 11:22:23', '2020-01-07 11:22:23', 'SuperstarWhiteBlack-C_detail.jpg'),
(15, 3, 'Superstar White Black-CFI', 'ADIDAS', 720000, 1, '2020-01-07 11:22:23', '2020-01-07 11:22:23', 'SuperstarWhiteBlack-CFI_detail.jpg'),
(16, 3, 'Stan Smith White Green-FTW', 'ADIDAS', 750000, 1, '2020-01-07 11:22:23', '2020-01-07 11:22:23', 'StanSmithWhiteGreen-FTW_detail.jpg'),
(17, 3, 'Stan Smith White Green-CFI', 'ADIDAS', 800000, 1, '2020-01-07 11:22:23', '2020-01-07 11:22:23', 'StanSmithWhiteGreen-CFI_detail.jpg'),
(18, 3, 'Puma X Hello Kitty', 'PUMA', 1799000, 1, '2020-01-07 11:22:23', '2020-01-07 11:22:23', 'PumaXHelloKitty_detail.jpg'),
(19, 1, 'Stan Smith Run White', 'ADIDAS', 640000, 1, '2020-04-06 21:48:16', '2020-04-06 21:48:16', 'StanSmithRunWhite_detail.jpg'),
(20, 1, 'Air Force 1 Low Retro QS Canvas Black-Summit', 'NIKE', 1499000, 1, '2020-04-06 21:48:16', '2020-04-06 21:48:16', 'AirForce1LowRetroQSCanvasBlack-Summit_detail.jpg'),
(21, 1, 'Gazelle Black White Gold', 'ADIDAS', 525000, 1, '2020-04-06 21:48:16', '2020-04-06 21:48:16', 'GazelleBlackWhiteGold_detail.jpg'),
(22, 1, 'POD-S3 White', 'ADIDAS', 1190000, 1, '2020-04-06 21:48:16', '2020-04-06 21:48:16', 'POD-S3White_detail.jpg'),
(23, 1, 'Superstar Foundation White', 'ADIDAS', 1120000, 1, '2020-04-06 21:48:16', '2020-04-06 21:48:16', 'SuperstarSlipOnWhite_detail.jpg'),
(24, 1, 'Day Break', 'NIKE', 1429000, 1, '2020-04-06 21:48:16', '2020-04-06 21:48:16', 'DayBreak_detail.jpg'),
(25, 1, 'Ultra Boost City', 'NIKE', 2240000, 1, '2020-04-06 21:48:16', '2020-04-06 21:48:16', 'UltraBoostCity_detail.jpg'),
(26, 2, 'Superstar Slip On Black', 'ADIDAS', 700000, 1, '2020-04-06 21:48:16', '2020-04-06 21:48:16', 'SuperstarSlipOnBlack_detail.jpg'),
(27, 2, 'Superstar Slip On White', 'ADIDAS', 700000, 1, '2020-04-06 21:48:17', '2020-04-06 21:48:17', 'SuperstarSlipOnWhite_detail.jpg'),
(28, 2, 'Air Force 1 Peach', 'NIKE', 1649000, 1, '2020-04-06 21:48:17', '2020-04-06 21:48:17', 'AirForce1Peach_detail.jpg'),
(29, 2, 'Classic Cortez Leather White & Varsity Royal Red', 'NIKE', 1049000, 1, '2020-04-06 21:48:17', '2020-04-06 21:48:17', 'ClassicCortezLeatherWhite&VarsityRoyalRed_detail.jpg'),
(30, 2, 'EXP X14 Tera Blush White-Light Bone', 'NIKE', 530000, 1, '2020-04-06 21:48:17', '2020-04-06 21:48:17', 'EXPX14TeraBlushWhite-LightBone_detail.jpg'),
(31, 3, 'X PLR J-Core Black', 'NIKE', 1200000, 1, '2020-04-06 21:48:17', '2020-04-06 21:48:17', 'XPLRJ-CoreBlack_detail.jpg'),
(32, 3, 'Superstar White Black-C', 'ADIDAS', 640000, 1, '2020-04-06 21:48:17', '2020-04-06 21:48:17', 'SuperstarWhiteBlack-C_detail.jpg'),
(33, 3, 'Superstar White Black-CFI', 'ADIDAS', 720000, 1, '2020-04-06 21:48:17', '2020-04-06 21:48:17', 'SuperstarWhiteBlack-CFI_detail.jpg'),
(34, 3, 'Stan Smith White Green-FTW', 'ADIDAS', 750000, 1, '2020-04-06 21:48:17', '2020-04-06 21:48:17', 'StanSmithWhiteGreen-FTW_detail.jpg'),
(35, 3, 'Stan Smith White Green-CFI', 'ADIDAS', 800000, 1, '2020-04-06 21:48:17', '2020-04-06 21:48:17', 'StanSmithWhiteGreen-CFI_detail.jpg'),
(36, 3, 'Puma X Hello Kitty', 'PUMA', 1799000, 1, '2020-04-06 21:48:17', '2020-04-06 21:48:17', 'PumaXHelloKitty_detail.jpg');

-- --------------------------------------------------------

--
-- Struktur dari tabel `ukuran`
--

DROP TABLE IF EXISTS `ukuran`;
CREATE TABLE `ukuran` (
  `id_sneaker` int(11) NOT NULL,
  `ukuran_sneaker` double(8,2) NOT NULL,
  `stok_sneaker` int(11) NOT NULL,
  `created_at` timestamp NULL DEFAULT NULL,
  `updated_at` timestamp NULL DEFAULT NULL
) ENGINE=InnoDB DEFAULT CHARSET=utf8mb4 COLLATE=utf8mb4_unicode_ci;

--
-- Dumping data untuk tabel `ukuran`
--

INSERT INTO `ukuran` (`id_sneaker`, `ukuran_sneaker`, `stok_sneaker`, `created_at`, `updated_at`) VALUES
(1, 37.30, 50, '2020-01-07 11:22:23', '2020-01-07 11:22:23'),
(1, 39.30, 45, '2020-01-07 11:22:23', '2020-01-07 14:05:58'),
(1, 36.00, 49, '2020-01-07 11:22:23', '2020-01-07 12:21:22'),
(1, 46.00, 50, '2020-01-07 11:22:23', '2020-01-07 11:22:23'),
(1, 42.70, 50, '2020-01-07 11:22:23', '2020-01-07 11:22:23'),
(2, 39.30, 50, '2020-01-07 11:22:23', '2020-01-07 11:22:23'),
(2, 36.00, 50, '2020-01-07 11:22:23', '2020-01-07 11:22:23'),
(2, 38.70, 50, '2020-01-07 11:22:23', '2020-01-07 11:22:23'),
(2, 35.50, 50, '2020-01-07 11:22:23', '2020-01-07 11:22:23'),
(2, 36.70, 50, '2020-01-07 11:22:23', '2020-01-07 11:22:23'),
(2, 45.30, 50, '2020-01-07 11:22:23', '2020-01-07 11:22:23'),
(2, 41.30, 50, '2020-01-07 11:22:23', '2020-01-07 11:22:23'),
(3, 35.50, 50, '2020-01-07 11:22:24', '2020-01-07 11:22:24'),
(3, 40.70, 50, '2020-01-07 11:22:24', '2020-01-07 11:22:24'),
(3, 41.30, 50, '2020-01-07 11:22:24', '2020-01-07 11:22:24'),
(3, 39.30, 50, '2020-01-07 11:22:24', '2020-01-07 11:22:24'),
(3, 36.70, 50, '2020-01-07 11:22:24', '2020-01-07 11:22:24'),
(3, 36.00, 50, '2020-01-07 11:22:24', '2020-01-07 11:22:24'),
(3, 45.30, 50, '2020-01-07 11:22:24', '2020-01-07 11:22:24'),
(3, 42.00, 50, '2020-01-07 11:22:24', '2020-01-07 11:22:24'),
(3, 46.70, 50, '2020-01-07 11:22:24', '2020-01-07 11:22:24'),
(3, 43.30, 50, '2020-01-07 11:22:24', '2020-01-07 11:22:24'),
(3, 44.70, 50, '2020-01-07 11:22:24', '2020-01-07 11:22:24'),
(4, 42.00, 50, '2020-01-07 11:22:24', '2020-01-07 11:22:24'),
(4, 45.30, 50, '2020-01-07 11:22:24', '2020-01-07 11:22:24'),
(4, 36.70, 50, '2020-01-07 11:22:24', '2020-01-07 11:22:24'),
(4, 39.30, 50, '2020-01-07 11:22:24', '2020-01-07 11:22:24'),
(4, 41.30, 50, '2020-01-07 11:22:24', '2020-01-07 11:22:24'),
(4, 43.30, 50, '2020-01-07 11:22:24', '2020-01-07 11:22:24'),
(4, 35.50, 50, '2020-01-07 11:22:24', '2020-01-07 11:22:24'),
(4, 46.00, 50, '2020-01-07 11:22:24', '2020-01-07 11:22:24'),
(4, 40.00, 50, '2020-01-07 11:22:24', '2020-01-07 11:22:24'),
(5, 40.00, 50, '2020-01-07 11:22:24', '2020-01-07 11:22:24'),
(5, 46.70, 50, '2020-01-07 11:22:24', '2020-01-07 11:22:24'),
(5, 38.70, 50, '2020-01-07 11:22:24', '2020-01-07 11:22:24'),
(5, 38.00, 50, '2020-01-07 11:22:24', '2020-01-07 11:22:24'),
(5, 37.30, 50, '2020-01-07 11:22:24', '2020-01-07 11:22:24'),
(5, 35.50, 50, '2020-01-07 11:22:24', '2020-01-07 11:22:24'),
(5, 39.30, 50, '2020-01-07 11:22:24', '2020-01-07 11:22:24'),
(5, 42.00, 50, '2020-01-07 11:22:24', '2020-01-07 11:22:24'),
(6, 38.00, 50, '2020-01-07 11:22:24', '2020-01-07 11:22:24'),
(6, 45.30, 50, '2020-01-07 11:22:24', '2020-01-07 11:22:24'),
(6, 37.30, 50, '2020-01-07 11:22:25', '2020-01-07 11:22:25'),
(6, 42.00, 50, '2020-01-07 11:22:25', '2020-01-07 11:22:25'),
(6, 46.00, 50, '2020-01-07 11:22:25', '2020-01-07 11:22:25'),
(6, 41.30, 50, '2020-01-07 11:22:25', '2020-01-07 11:22:25'),
(7, 45.30, 50, '2020-01-07 11:22:25', '2020-01-07 11:22:25'),
(7, 36.70, 50, '2020-01-07 11:22:25', '2020-01-07 11:22:25'),
(7, 35.50, 50, '2020-01-07 11:22:25', '2020-01-07 11:22:25'),
(7, 36.00, 50, '2020-01-07 11:22:25', '2020-01-07 11:22:25'),
(7, 42.00, 50, '2020-01-07 11:22:25', '2020-01-07 11:22:25'),
(7, 43.30, 50, '2020-01-07 11:22:25', '2020-01-07 11:22:25'),
(7, 46.70, 50, '2020-01-07 11:22:25', '2020-01-07 11:22:25'),
(8, 39.30, 50, '2020-01-07 11:22:25', '2020-01-07 11:22:25'),
(8, 45.30, 50, '2020-01-07 11:22:25', '2020-01-07 11:22:25'),
(8, 36.00, 50, '2020-01-07 11:22:25', '2020-01-07 11:22:25'),
(8, 42.70, 50, '2020-01-07 11:22:25', '2020-01-07 11:22:25'),
(8, 36.70, 50, '2020-01-07 11:22:25', '2020-01-07 11:22:25'),
(9, 45.30, 50, '2020-01-07 11:22:25', '2020-01-07 11:22:25'),
(9, 40.70, 50, '2020-01-07 11:22:25', '2020-01-07 11:22:25'),
(10, 39.30, 50, '2020-01-07 11:22:25', '2020-01-07 11:22:25'),
(10, 42.70, 50, '2020-01-07 11:22:25', '2020-01-07 11:22:25'),
(10, 44.00, 50, '2020-01-07 11:22:25', '2020-01-07 11:22:25'),
(10, 38.00, 50, '2020-01-07 11:22:25', '2020-01-07 11:22:25'),
(10, 36.70, 50, '2020-01-07 11:22:25', '2020-01-07 11:22:25'),
(10, 46.00, 50, '2020-01-07 11:22:25', '2020-01-07 11:22:25'),
(10, 36.00, 50, '2020-01-07 11:22:25', '2020-01-07 11:22:25'),
(10, 37.30, 50, '2020-01-07 11:22:25', '2020-01-07 11:22:25'),
(10, 38.70, 50, '2020-01-07 11:22:25', '2020-01-07 11:22:25'),
(10, 40.00, 50, '2020-01-07 11:22:25', '2020-01-07 11:22:25'),
(10, 46.70, 50, '2020-01-07 11:22:25', '2020-01-07 11:22:25'),
(11, 45.30, 50, '2020-01-07 11:22:25', '2020-01-07 11:22:25'),
(11, 38.70, 50, '2020-01-07 11:22:25', '2020-01-07 11:22:25'),
(11, 39.30, 50, '2020-01-07 11:22:26', '2020-01-07 11:22:26'),
(11, 44.00, 50, '2020-01-07 11:22:26', '2020-01-07 11:22:26'),
(11, 46.70, 50, '2020-01-07 11:22:26', '2020-01-07 11:22:26'),
(12, 40.00, 50, '2020-01-07 11:22:26', '2020-01-07 11:22:26'),
(12, 39.30, 50, '2020-01-07 11:22:26', '2020-01-07 11:22:26'),
(12, 46.00, 50, '2020-01-07 11:22:26', '2020-01-07 11:22:26'),
(12, 37.30, 50, '2020-01-07 11:22:26', '2020-01-07 11:22:26'),
(12, 35.50, 50, '2020-01-07 11:22:26', '2020-01-07 11:22:26'),
(12, 46.70, 50, '2020-01-07 11:22:26', '2020-01-07 11:22:26'),
(12, 38.70, 50, '2020-01-07 11:22:26', '2020-01-07 11:22:26'),
(12, 36.70, 50, '2020-01-07 11:22:26', '2020-01-07 11:22:26'),
(12, 38.00, 50, '2020-01-07 11:22:26', '2020-01-07 11:22:26'),
(13, 43.30, 50, '2020-01-07 11:22:26', '2020-01-07 11:22:26'),
(14, 40.00, 50, '2020-01-07 11:22:26', '2020-01-07 11:22:26'),
(14, 44.00, 50, '2020-01-07 11:22:26', '2020-01-07 11:22:26'),
(14, 38.70, 50, '2020-01-07 11:22:26', '2020-01-07 11:22:26'),
(14, 38.00, 50, '2020-01-07 11:22:26', '2020-01-07 11:22:26'),
(14, 37.30, 50, '2020-01-07 11:22:26', '2020-01-07 11:22:26'),
(14, 40.70, 50, '2020-01-07 11:22:26', '2020-01-07 11:22:26'),
(14, 44.70, 50, '2020-01-07 11:22:26', '2020-01-07 11:22:26'),
(14, 43.30, 50, '2020-01-07 11:22:26', '2020-01-07 11:22:26'),
(14, 41.30, 50, '2020-01-07 11:22:26', '2020-01-07 11:22:26'),
(14, 42.00, 50, '2020-01-07 11:22:26', '2020-01-07 11:22:26'),
(15, 44.00, 50, '2020-01-07 11:22:26', '2020-01-07 11:22:26'),
(15, 39.30, 50, '2020-01-07 11:22:26', '2020-01-07 11:22:26'),
(15, 42.00, 50, '2020-01-07 11:22:26', '2020-01-07 11:22:26'),
(15, 46.70, 50, '2020-01-07 11:22:26', '2020-01-07 11:22:26'),
(15, 40.70, 50, '2020-01-07 11:22:26', '2020-01-07 11:22:26'),
(15, 42.70, 50, '2020-01-07 11:22:26', '2020-01-07 11:22:26'),
(15, 45.30, 50, '2020-01-07 11:22:26', '2020-01-07 11:22:26'),
(15, 46.00, 50, '2020-01-07 11:22:26', '2020-01-07 11:22:26'),
(15, 41.30, 50, '2020-01-07 11:22:26', '2020-01-07 11:22:26'),
(16, 35.50, 50, '2020-01-07 11:22:26', '2020-01-07 11:22:26'),
(16, 39.30, 50, '2020-01-07 11:22:26', '2020-01-07 11:22:26'),
(16, 42.70, 50, '2020-01-07 11:22:26', '2020-01-07 11:22:26'),
(16, 38.70, 50, '2020-01-07 11:22:26', '2020-01-07 11:22:26'),
(17, 43.30, 50, '2020-01-07 11:22:26', '2020-01-07 11:22:26'),
(17, 40.70, 50, '2020-01-07 11:22:26', '2020-01-07 11:22:26'),
(17, 44.70, 50, '2020-01-07 11:22:26', '2020-01-07 11:22:26'),
(18, 36.70, 50, '2020-01-07 11:22:26', '2020-01-07 11:22:26'),
(18, 42.70, 50, '2020-01-07 11:22:26', '2020-01-07 11:22:26'),
(18, 44.00, 50, '2020-01-07 11:22:27', '2020-01-07 11:22:27'),
(18, 44.70, 50, '2020-01-07 11:22:27', '2020-01-07 11:22:27'),
(18, 40.70, 50, '2020-01-07 11:22:27', '2020-01-07 11:22:27'),
(18, 46.00, 50, '2020-01-07 11:22:27', '2020-01-07 11:22:27'),
(18, 43.30, 50, '2020-01-07 11:22:27', '2020-01-07 11:22:27'),
(18, 38.00, 50, '2020-01-07 11:22:27', '2020-01-07 11:22:27'),
(18, 38.70, 50, '2020-01-07 11:22:27', '2020-01-07 11:22:27'),
(18, 40.00, 50, '2020-01-07 11:22:27', '2020-01-07 11:22:27'),
(1, 44.00, 50, '2020-04-06 21:48:17', '2020-04-06 21:48:17'),
(1, 41.30, 50, '2020-04-06 21:48:17', '2020-04-06 21:48:17'),
(1, 38.70, 50, '2020-04-06 21:48:17', '2020-04-06 21:48:17'),
(1, 35.50, 50, '2020-04-06 21:48:17', '2020-04-06 21:48:17'),
(1, 42.00, 50, '2020-04-06 21:48:17', '2020-04-06 21:48:17'),
(1, 40.70, 50, '2020-04-06 21:48:17', '2020-04-06 21:48:17'),
(1, 44.70, 50, '2020-04-06 21:48:17', '2020-04-06 21:48:17'),
(1, 45.30, 50, '2020-04-06 21:48:17', '2020-04-06 21:48:17'),
(2, 43.30, 50, '2020-04-06 21:48:17', '2020-04-06 21:48:17'),
(2, 40.00, 50, '2020-04-06 21:48:17', '2020-04-06 21:48:17'),
(2, 44.70, 50, '2020-04-06 21:48:17', '2020-04-06 21:48:17'),
(2, 46.00, 50, '2020-04-06 21:48:17', '2020-04-06 21:48:17'),
(2, 38.00, 50, '2020-04-06 21:48:17', '2020-04-06 21:48:17'),
(2, 42.00, 50, '2020-04-06 21:48:17', '2020-04-06 21:48:17'),
(4, 46.70, 50, '2020-04-06 21:48:17', '2020-04-06 21:48:17'),
(4, 38.00, 50, '2020-04-06 21:48:17', '2020-04-06 21:48:17'),
(4, 44.00, 50, '2020-04-06 21:48:17', '2020-04-06 21:48:17'),
(5, 44.00, 50, '2020-04-06 21:48:17', '2020-04-06 21:48:17'),
(5, 45.30, 50, '2020-04-06 21:48:17', '2020-04-06 21:48:17'),
(5, 42.70, 50, '2020-04-06 21:48:17', '2020-04-06 21:48:17'),
(5, 36.00, 50, '2020-04-06 21:48:18', '2020-04-06 21:48:18'),
(5, 36.70, 50, '2020-04-06 21:48:18', '2020-04-06 21:48:18'),
(6, 39.30, 50, '2020-04-06 21:48:18', '2020-04-06 21:48:18'),
(6, 46.70, 50, '2020-04-06 21:48:18', '2020-04-06 21:48:18'),
(6, 40.00, 50, '2020-04-06 21:48:18', '2020-04-06 21:48:18'),
(6, 36.70, 50, '2020-04-06 21:48:18', '2020-04-06 21:48:18'),
(8, 38.70, 50, '2020-04-06 21:48:18', '2020-04-06 21:48:18'),
(8, 37.30, 50, '2020-04-06 21:48:18', '2020-04-06 21:48:18'),
(8, 41.30, 50, '2020-04-06 21:48:18', '2020-04-06 21:48:18'),
(8, 38.00, 50, '2020-04-06 21:48:18', '2020-04-06 21:48:18'),
(9, 42.00, 50, '2020-04-06 21:48:18', '2020-04-06 21:48:18'),
(9, 35.50, 50, '2020-04-06 21:48:18', '2020-04-06 21:48:18'),
(9, 46.70, 50, '2020-04-06 21:48:18', '2020-04-06 21:48:18'),
(9, 41.30, 50, '2020-04-06 21:48:18', '2020-04-06 21:48:18'),
(9, 42.70, 50, '2020-04-06 21:48:18', '2020-04-06 21:48:18'),
(9, 38.00, 50, '2020-04-06 21:48:18', '2020-04-06 21:48:18'),
(9, 44.00, 50, '2020-04-06 21:48:18', '2020-04-06 21:48:18'),
(9, 36.70, 50, '2020-04-06 21:48:18', '2020-04-06 21:48:18'),
(10, 40.70, 50, '2020-04-06 21:48:18', '2020-04-06 21:48:18'),
(10, 35.50, 50, '2020-04-06 21:48:18', '2020-04-06 21:48:18'),
(10, 41.30, 50, '2020-04-06 21:48:18', '2020-04-06 21:48:18'),
(10, 45.30, 50, '2020-04-06 21:48:18', '2020-04-06 21:48:18'),
(11, 35.50, 50, '2020-04-06 21:48:18', '2020-04-06 21:48:18'),
(11, 36.00, 50, '2020-04-06 21:48:18', '2020-04-06 21:48:18'),
(11, 44.70, 50, '2020-04-06 21:48:18', '2020-04-06 21:48:18'),
(12, 43.30, 50, '2020-04-06 21:48:18', '2020-04-06 21:48:18'),
(12, 42.70, 50, '2020-04-06 21:48:19', '2020-04-06 21:48:19'),
(12, 40.70, 50, '2020-04-06 21:48:19', '2020-04-06 21:48:19'),
(12, 45.30, 50, '2020-04-06 21:48:19', '2020-04-06 21:48:19'),
(12, 42.00, 50, '2020-04-06 21:48:19', '2020-04-06 21:48:19'),
(12, 36.00, 50, '2020-04-06 21:48:19', '2020-04-06 21:48:19'),
(13, 46.70, 50, '2020-04-06 21:48:19', '2020-04-06 21:48:19'),
(13, 36.00, 40, '2020-04-06 21:48:19', '2020-04-07 07:35:53'),
(13, 41.30, 50, '2020-04-06 21:48:19', '2020-04-06 21:48:19'),
(14, 42.70, 50, '2020-04-06 21:48:19', '2020-04-06 21:48:19'),
(14, 45.30, 50, '2020-04-06 21:48:19', '2020-04-06 21:48:19'),
(14, 36.00, 50, '2020-04-06 21:48:19', '2020-04-06 21:48:19'),
(14, 39.30, 50, '2020-04-06 21:48:19', '2020-04-06 21:48:19'),
(15, 43.30, 50, '2020-04-06 21:48:19', '2020-04-06 21:48:19'),
(15, 36.70, 50, '2020-04-06 21:48:19', '2020-04-06 21:48:19'),
(15, 35.50, 50, '2020-04-06 21:48:19', '2020-04-06 21:48:19'),
(15, 38.70, 50, '2020-04-06 21:48:19', '2020-04-06 21:48:19'),
(15, 36.00, 50, '2020-04-06 21:48:19', '2020-04-06 21:48:19'),
(15, 38.00, 50, '2020-04-06 21:48:19', '2020-04-06 21:48:19'),
(16, 44.70, 50, '2020-04-06 21:48:19', '2020-04-06 21:48:19'),
(16, 36.70, 50, '2020-04-06 21:48:19', '2020-04-06 21:48:19'),
(16, 41.30, 50, '2020-04-06 21:48:19', '2020-04-06 21:48:19'),
(16, 36.00, 50, '2020-04-06 21:48:19', '2020-04-06 21:48:19'),
(16, 46.00, 50, '2020-04-06 21:48:19', '2020-04-06 21:48:19'),
(17, 36.00, 50, '2020-04-06 21:48:19', '2020-04-06 21:48:19'),
(17, 37.30, 50, '2020-04-06 21:48:19', '2020-04-06 21:48:19'),
(17, 35.50, 50, '2020-04-06 21:48:19', '2020-04-06 21:48:19'),
(18, 37.30, 50, '2020-04-06 21:48:19', '2020-04-06 21:48:19'),
(18, 35.50, 50, '2020-04-06 21:48:19', '2020-04-06 21:48:19');

-- --------------------------------------------------------

--
-- Struktur dari tabel `user`
--

DROP TABLE IF EXISTS `user`;
CREATE TABLE `user` (
  `id_user` bigint(20) UNSIGNED NOT NULL,
  `username` varchar(255) COLLATE utf8mb4_unicode_ci NOT NULL,
  `nama` varchar(255) COLLATE utf8mb4_unicode_ci NOT NULL,
  `email` varchar(255) COLLATE utf8mb4_unicode_ci NOT NULL,
  `password` varchar(255) COLLATE utf8mb4_unicode_ci NOT NULL,
  `saldo` int(11) NOT NULL,
  `status_verifikasi` tinyint(4) NOT NULL,
  `created_at` timestamp NULL DEFAULT NULL,
  `updated_at` timestamp NULL DEFAULT NULL
) ENGINE=InnoDB DEFAULT CHARSET=utf8mb4 COLLATE=utf8mb4_unicode_ci;

--
-- Dumping data untuk tabel `user`
--

INSERT INTO `user` (`id_user`, `username`, `nama`, `email`, `password`, `saldo`, `status_verifikasi`, `created_at`, `updated_at`) VALUES
(1, 'jonsu', 'Jonathan', 'jonathangani279@gmail.com', '123', 2296000, 1, '2020-01-07 11:22:23', '2020-04-07 07:35:52'),
(2, 'gidion', 'Gidion', 'gidion@sneaky.com', '$2y$10$mOLbiTP2noOd4lbZGaGapOfm3GKw7Nvbg3Gp0plgdZcgZsn3jrk7K', 100000000, 1, '2020-01-07 11:22:23', '2020-01-07 11:22:23'),
(3, 'agung', 'Agung', 'hendardia951en9@gmail.com', '$2y$10$mVU8rshUfA8lBLX1T.q9gOLcEp8ntiZ1VlpEPesP0eS3ldBiaEvIa', 100000000, 1, '2020-01-07 11:22:23', '2020-01-07 11:22:23'),
(4, 'jonsu', 'Jonathan', 'jonathangani279@gmail.com', '$2y$10$AtHF.W4v80nKVI1y30XNJu1oQcfLsd9.Tr3.yYz.di4WSgUv5Tv42', 15000000, 1, '2020-04-06 21:48:16', '2020-04-06 21:48:16'),
(5, 'gidion', 'Gidion', 'gidion@sneaky.com', '$2y$10$gqIXTpKtGIiOIfZy3AtI.unPvwlpY5eXRTKOWO3HTrAVGd22u8ZmO', 100000000, 1, '2020-04-06 21:48:16', '2020-04-06 21:48:16'),
(6, 'agung', 'Agung', 'hendardia951en9@gmail.com', '$2y$10$bBu8ycjF4Lp7lDRXGDPpqe6Tc.2FhBZ9CIeP1HxTMyOjejLvKB4Gu', 100000000, 1, '2020-04-06 21:48:16', '2020-04-06 21:48:16');

-- --------------------------------------------------------

--
-- Struktur dari tabel `wishlist`
--

DROP TABLE IF EXISTS `wishlist`;
CREATE TABLE `wishlist` (
  `id_wishlist` bigint(20) UNSIGNED NOT NULL,
  `id_user` int(11) NOT NULL,
  `id_sneaker` varchar(255) COLLATE utf8mb4_unicode_ci NOT NULL,
  `jumlah_sneaker` int(11) NOT NULL,
  `ukuran_sneaker` double(8,2) NOT NULL,
  `komentar` varchar(255) COLLATE utf8mb4_unicode_ci NOT NULL,
  `created_at` timestamp NULL DEFAULT NULL,
  `updated_at` timestamp NULL DEFAULT NULL
) ENGINE=InnoDB DEFAULT CHARSET=utf8mb4 COLLATE=utf8mb4_unicode_ci;

--
-- Indexes for dumped tables
--

--
-- Indeks untuk tabel `cart`
--
ALTER TABLE `cart`
  ADD PRIMARY KEY (`id_cart`);

--
-- Indeks untuk tabel `htrans`
--
ALTER TABLE `htrans`
  ADD PRIMARY KEY (`id_trans`);

--
-- Indeks untuk tabel `kategori`
--
ALTER TABLE `kategori`
  ADD PRIMARY KEY (`id_kategori`);

--
-- Indeks untuk tabel `kota`
--
ALTER TABLE `kota`
  ADD PRIMARY KEY (`id_kota`);

--
-- Indeks untuk tabel `migrations`
--
ALTER TABLE `migrations`
  ADD PRIMARY KEY (`id`);

--
-- Indeks untuk tabel `provinsi`
--
ALTER TABLE `provinsi`
  ADD PRIMARY KEY (`id_provinsi`);

--
-- Indeks untuk tabel `shipment`
--
ALTER TABLE `shipment`
  ADD PRIMARY KEY (`id_shipment`);

--
-- Indeks untuk tabel `sneaker`
--
ALTER TABLE `sneaker`
  ADD PRIMARY KEY (`id_sneaker`);

--
-- Indeks untuk tabel `user`
--
ALTER TABLE `user`
  ADD PRIMARY KEY (`id_user`);

--
-- Indeks untuk tabel `wishlist`
--
ALTER TABLE `wishlist`
  ADD PRIMARY KEY (`id_wishlist`);

--
-- AUTO_INCREMENT untuk tabel yang dibuang
--

--
-- AUTO_INCREMENT untuk tabel `cart`
--
ALTER TABLE `cart`
  MODIFY `id_cart` bigint(20) UNSIGNED NOT NULL AUTO_INCREMENT, AUTO_INCREMENT=4;

--
-- AUTO_INCREMENT untuk tabel `htrans`
--
ALTER TABLE `htrans`
  MODIFY `id_trans` bigint(20) UNSIGNED NOT NULL AUTO_INCREMENT, AUTO_INCREMENT=3;

--
-- AUTO_INCREMENT untuk tabel `kategori`
--
ALTER TABLE `kategori`
  MODIFY `id_kategori` bigint(20) UNSIGNED NOT NULL AUTO_INCREMENT, AUTO_INCREMENT=7;

--
-- AUTO_INCREMENT untuk tabel `kota`
--
ALTER TABLE `kota`
  MODIFY `id_kota` bigint(20) UNSIGNED NOT NULL AUTO_INCREMENT, AUTO_INCREMENT=189;

--
-- AUTO_INCREMENT untuk tabel `migrations`
--
ALTER TABLE `migrations`
  MODIFY `id` int(10) UNSIGNED NOT NULL AUTO_INCREMENT, AUTO_INCREMENT=12;

--
-- AUTO_INCREMENT untuk tabel `provinsi`
--
ALTER TABLE `provinsi`
  MODIFY `id_provinsi` bigint(20) UNSIGNED NOT NULL AUTO_INCREMENT, AUTO_INCREMENT=67;

--
-- AUTO_INCREMENT untuk tabel `shipment`
--
ALTER TABLE `shipment`
  MODIFY `id_shipment` bigint(20) UNSIGNED NOT NULL AUTO_INCREMENT, AUTO_INCREMENT=3;

--
-- AUTO_INCREMENT untuk tabel `sneaker`
--
ALTER TABLE `sneaker`
  MODIFY `id_sneaker` bigint(20) UNSIGNED NOT NULL AUTO_INCREMENT, AUTO_INCREMENT=67;

--
-- AUTO_INCREMENT untuk tabel `user`
--
ALTER TABLE `user`
  MODIFY `id_user` bigint(20) UNSIGNED NOT NULL AUTO_INCREMENT, AUTO_INCREMENT=7;

--
-- AUTO_INCREMENT untuk tabel `wishlist`
--
ALTER TABLE `wishlist`
  MODIFY `id_wishlist` bigint(20) UNSIGNED NOT NULL AUTO_INCREMENT, AUTO_INCREMENT=2;
COMMIT;

/*!40101 SET CHARACTER_SET_CLIENT=@OLD_CHARACTER_SET_CLIENT */;
/*!40101 SET CHARACTER_SET_RESULTS=@OLD_CHARACTER_SET_RESULTS */;
/*!40101 SET COLLATION_CONNECTION=@OLD_COLLATION_CONNECTION */;
